image,cell_id,label,stage1_dead_prediction,dead_probability,borderline_ghost,dead_stage1_correct,dead_missed,stage2_morphology_prediction,final_prediction
Data_MC/images/PE_RBCs_NPs_1-10_1_3hrs_3.tif,19,Stressed,NotDead,2.377662930763691e-06,False,True,False,Stressed,Stressed
Data_MC/images/PE_RBCs_NPs_1-10_2_15hrs_4.tif,4,Dead,Dead,0.9999973377255935,False,True,False,,Dead
Data_MC/images/PE_RBCs_NPs_1-10_2_3hrs_1.tif,61,Stressed,NotDead,1.6233706349955135e-05,False,True,False,Stressed,Stressed
Data_MC/images/PE_RBCs_NPs_1-10_2_3hrs_2.tif,19,Stressed,NotDead,9.604408683916432e-06,False,True,False,Stressed,Stressed
Data_MC/images/PE_RBCs_NPs_1-10_2_3hrs_2.tif,25,Stressed,NotDead,2.377666410868784e-06,False,True,False,Stressed,Stressed
Data_MC/images/PE_RBCs_NPs_1-10_3_15hrs_1.tif,17,Dead,Dead,0.9999972229500359,False,True,False,,Dead
Data_MC/images/PE_RBCs_NPs_1-10_3_15hrs_3.tif,5,Dead,Dead,0.999997597806404,False,True,False,,Dead
Data_MC/images/PE_RBCs_NPs_1-10_3_15hrs_4.tif,8,Dead,Dead,0.9999963110660985,False,True,False,,Dead
Data_MC/images/PE_RBCs_NPs_1-10_3_3hrs_1.tif,33,Crenated,NotDead,2.3776660063035138e-06,False,True,False,Stressed,Stressed
Data_MC/images/PE_RBCs_NPs_1-10_3_3hrs_2.tif,1,Healthy,NotDead,3.027978503489237e-06,False,True,False,Healthy,Healthy
Data_MC/images/PE_RBCs_NPs_1-10_3_3hrs_2.tif,34,Healthy,NotDead,1.4784319619209896e-05,False,True,False,Healthy,Healthy
Data_MC/images/PE_RBCs_NPs_1-10_3_3hrs_3.tif,15,Stressed,NotDead,2.657646226167376e-05,False,True,False,Stressed,Stressed
Data_MC/images/PE_RBCs_NPs_1-10_4_15hrs_1.tif,22,Dead,Dead,0.9999973381785906,False,True,False,,Dead
Data_MC/images/PE_RBCs_NPs_1-10_4_15hrs_4.tif,17,Dead,Dead,0.9999971462028193,False,True,False,,Dead
Data_MC/images/PE_RBCs_NPs_1-10_4_3hrs_2.tif,7,Stressed,NotDead,3.0125087719934385e-06,False,True,False,Stressed,Stressed
Data_MC/images/PE_RBCs_NPs_1-10_4_3hrs_2.tif,11,Healthy,NotDead,2.95697021934771e-06,False,True,False,Healthy,Healthy
Data_MC/images/PE_RBCs_NPs_1-10_4_3hrs_2.tif,60,Healthy,NotDead,5.7981374969040544e-06,False,True,False,Healthy,Healthy
Data_MC/images/PE_RBCs_NPs_1-10_4_3hrs_2.tif,84,Dead,Dead,0.9999973741307916,False,True,False,,Dead
Data_MC/images/PE_RBCs_NPs_1-10_4_3hrs_3.tif,30,Healthy,NotDead,2.9006961329791636e-05,False,True,False,Healthy,Healthy
Data_MC/images/PE_RBCs_NPs_1-10_4_3hrs_4.tif,14,Stressed,NotDead,2.371960566183162e-06,False,True,False,Stressed,Stressed
Data_MC/images/PE_RBCs_NPs_1-10_5_15hrs_3.tif,21,Dead,Dead,0.9999971684067367,False,True,False,,Dead
Data_MC/images/PE_RBCs_NPs_1-10_5_3hrs_1.tif,34,Stressed,NotDead,3.115714891532839e-06,False,True,False,Stressed,Stressed
Data_MC/images/PE_RBCs_NPs_1-10_5_3hrs_1.tif,42,Healthy,NotDead,5.379970581365079e-06,False,True,False,Healthy,Healthy
Data_MC/images/PE_RBCs_NPs_1-10_5_3hrs_1.tif,50,Crenated,NotDead,2.9390083324809524e-06,False,True,False,Crenated,Crenated
Data_MC/images/PE_RBCs_NPs_1-10_5_3hrs_4.tif,23,Stressed,NotDead,2.3776687804177854e-06,False,True,False,Stressed,Stressed
Data_MC/images/PE_RBCs_NPs_1-10_6_15hrs_1.tif,21,Dead,Dead,0.9999973574316703,False,True,False,,Dead
Data_MC/images/PE_RBCs_NPs_1-10_6_15hrs_3.tif,7,Dead,Dead,0.9999972507175258,False,True,False,,Dead
Data_MC/images/PE_RBCs_NPs_1-10_6_3hrs_2.tif,53,Stressed,NotDead,2.377074992510053e-06,False,True,False,Stressed,Stressed
Data_MC/images/PE_RBCs_NPs_1-10_6_3hrs_2.tif,61,Stressed,NotDead,2.4054725678013256e-06,False,True,False,Stressed,Stressed
Data_MC/images/PE_RBCs_NPs_1-10_6_3hrs_3.tif,29,Crenated,NotDead,2.370190483103052e-06,False,True,False,Crenated,Crenated
Data_MC/images/PE_RBCs_NPs_1-200_1_15hrs_1.tif,6,Crenated,NotDead,2.4239354696753423e-06,False,True,False,Crenated,Crenated
Data_MC/images/PE_RBCs_NPs_1-200_1_15hrs_3.tif,21,Healthy,NotDead,3.3415700932959425e-06,False,True,False,Healthy,Healthy
Data_MC/images/PE_RBCs_NPs_1-200_1_15hrs_3.tif,44,Dead,Dead,0.9999973364715775,False,True,False,,Dead
Data_MC/images/PE_RBCs_NPs_1-200_1_15hrs_4.tif,64,Dead,Dead,0.9999952715343978,False,True,False,,Dead
Data_MC/images/PE_RBCs_NPs_1-200_1_3hrs_4.tif,10,Stressed,NotDead,2.3996364157952144e-06,False,True,False,Stressed,Stressed
Data_MC/images/PE_RBCs_NPs_1-200_2_15hrs_2.tif,27,Crenated,NotDead,2.4017981355983764e-06,False,True,False,Crenated,Crenated
Data_MC/images/PE_RBCs_NPs_1-200_2_15hrs_2.tif,65,Dead,Dead,0.9999976033068053,False,True,False,,Dead
Data_MC/images/PE_RBCs_NPs_1-200_2_15hrs_3.tif,59,Dead,Dead,0.9999971589624059,False,True,False,,Dead
Data_MC/images/PE_RBCs_NPs_1-200_2_3hrs_2.tif,59,Healthy,NotDead,2.377666149966373e-06,False,True,False,Stressed,Stressed
Data_MC/images/PE_RBCs_NPs_1-200_2_3hrs_4.tif,59,Stressed,NotDead,2.3776648250262156e-06,False,True,False,Stressed,Stressed
Data_MC/images/PE_RBCs_NPs_1-200_3_15hrs_1.tif,53,Dead,Dead,0.998071186788103,False,True,False,,Dead
Data_MC/images/PE_RBCs_NPs_1-200_3_15hrs_1.tif,90,Healthy,NotDead,6.51804045648241e-06,False,True,False,Healthy,Healthy
Data_MC/images/PE_RBCs_NPs_1-200_3_15hrs_2.tif,30,Stressed,NotDead,2.4018032700467984e-06,False,True,False,Stressed,Stressed
Data_MC/images/PE_RBCs_NPs_1-200_3_15hrs_4.tif,3,Healthy,NotDead,2.4017899792339037e-06,False,True,False,Healthy,Healthy
Data_MC/images/PE_RBCs_NPs_1-200_3_15hrs_4.tif,52,Dead,Dead,0.9999958621575152,False,True,False,,Dead
Data_MC/images/PE_RBCs_NPs_1-200_3_3hrs_1.tif,42,Healthy,NotDead,3.0638653426562357e-06,False,True,False,Healthy,Healthy
Data_MC/images/PE_RBCs_NPs_1-200_3_3hrs_1.tif,83,Crenated,NotDead,2.3776654067830805e-06,False,True,False,Crenated,Crenated
Data_MC/images/PE_RBCs_NPs_1-200_3_3hrs_4.tif,13,Healthy,NotDead,2.7975792947776412e-06,False,True,False,Healthy,Healthy
Data_MC/images/PE_RBCs_NPs_1-200_4_15hrs_1.tif,60,Dead,Dead,0.9999971186310159,False,True,False,,Dead
Data_MC/images/PE_RBCs_NPs_1-200_4_15hrs_1.tif,68,Dead,Dead,0.9999974676342119,False,True,False,,Dead
Data_MC/images/PE_RBCs_NPs_1-200_4_15hrs_3.tif,72,Dead,Dead,0.9999970628545006,False,True,False,,Dead
Data_MC/images/PE_RBCs_NPs_1-200_4_3hrs_1.tif,20,Healthy,NotDead,1.800677133323436e-05,False,True,False,Healthy,Healthy
Data_MC/images/PE_RBCs_NPs_1-200_4_3hrs_1.tif,50,Stressed,NotDead,2.463240534655853e-06,False,True,False,Stressed,Stressed
Data_MC/images/PE_RBCs_NPs_1-200_4_3hrs_1.tif,58,Stressed,NotDead,2.3776686725041074e-06,False,True,False,Stressed,Stressed
Data_MC/images/PE_RBCs_NPs_1-200_4_3hrs_2.tif,14,Stressed,NotDead,2.465021556097291e-06,False,True,False,Stressed,Stressed
Data_MC/images/PE_RBCs_NPs_1-200_4_3hrs_2.tif,47,Healthy,NotDead,2.872438493284335e-06,False,True,False,Healthy,Healthy
Data_MC/images/PE_RBCs_NPs_1-200_4_3hrs_3.tif,10,Healthy,NotDead,6.81537773479235e-05,False,True,False,Healthy,Healthy
Data_MC/images/PE_RBCs_NPs_1-200_4_3hrs_3.tif,28,Healthy,NotDead,2.3776688583554417e-06,False,True,False,Healthy,Healthy
Data_MC/images/PE_RBCs_NPs_1-200_5_15hrs_1.tif,36,Crenated,NotDead,2.4018077398046955e-06,False,True,False,Crenated,Crenated
Data_MC/images/PE_RBCs_NPs_1-200_5_15hrs_2.tif,47,Dead,Dead,0.999997347804479,False,True,False,,Dead
Data_MC/images/PE_RBCs_NPs_1-200_5_15hrs_4.tif,37,Dead,Dead,0.9999970560539342,False,True,False,,Dead
Data_MC/images/PE_RBCs_NPs_1-200_5_15hrs_4.tif,40,Crenated,NotDead,2.3776546371756524e-06,False,True,False,Crenated,Crenated
Data_MC/images/PE_RBCs_NPs_1-200_5_3hrs_4.tif,15,Healthy,NotDead,2.37627367505322e-06,False,True,False,Stressed,Stressed
Data_MC/images/PE_RBCs_NPs_1-200_6_15hrs_1.tif,76,Healthy,NotDead,6.643306695863771e-06,False,True,False,Healthy,Healthy
Data_MC/images/PE_RBCs_NPs_1-200_6_15hrs_3.tif,52,Dead,Dead,0.9999930364661882,False,True,False,,Dead
Data_MC/images/PE_RBCs_NPs_1-200_6_15hrs_4.tif,52,Dead,Dead,0.9999963012972904,False,True,False,,Dead
Data_MC/images/PE_RBCs_NPs_1-200_6_15hrs_4.tif,64,Dead,Dead,0.9999973849397898,False,True,False,,Dead
Data_MC/images/PE_RBCs_NPs_1-200_6_3hrs_4.tif,73,Dead,Dead,0.9999343035921548,False,True,False,,Dead
Data_MC/images/PE_RBCs_NPs_1-20_1_3hrs_1.tif,43,Stressed,NotDead,2.377664764630083e-06,False,True,False,Stressed,Stressed
Data_MC/images/PE_RBCs_NPs_1-20_1_3hrs_1.tif,87,Crenated,NotDead,2.8760099414215645e-06,False,True,False,Healthy,Healthy
Data_MC/images/PE_RBCs_NPs_1-20_1_3hrs_2.tif,17,Stressed,NotDead,2.3766963815896602e-06,False,True,False,Stressed,Stressed
Data_MC/images/PE_RBCs_NPs_1-20_1_3hrs_2.tif,64,Crenated,NotDead,2.3776685454945934e-06,False,True,False,Stressed,Stressed
Data_MC/images/PE_RBCs_NPs_1-20_1_3hrs_4.tif,15,Stressed,NotDead,2.3776662414487504e-06,False,True,False,Crenated,Crenated
Data_MC/images/PE_RBCs_NPs_1-20_2_15hrs_2.tif,31,Dead,Dead,0.9999873257737146,False,True,False,,Dead
Data_MC/images/PE_RBCs_NPs_1-20_2_3hrs_1.tif,45,Healthy,NotDead,2.3776687066989766e-06,False,True,False,Stressed,Stressed
Data_MC/images/PE_RBCs_NPs_1-20_2_3hrs_2.tif,69,Crenated,NotDead,2.499357250274059e-06,False,True,False,Crenated,Crenated
Data_MC/images/PE_RBCs_NPs_1-20_2_3hrs_3.tif,1,Stressed,NotDead,2.0815597057133317e-05,False,True,False,Healthy,Healthy
Data_MC/images/PE_RBCs_NPs_1-20_3_15hrs_1.tif,55,Dead,Dead,0.9999961852461609,False,True,False,,Dead
Data_MC/images/PE_RBCs_NPs_1-20_3_15hrs_3.tif,25,Stressed,NotDead,1.5088774620863887e-05,False,True,False,Stressed,Stressed
Data_MC/images/PE_RBCs_NPs_1-20_3_15hrs_4.tif,47,Dead,Dead,0.9999973511016218,False,True,False,,Dead
Data_MC/images/PE_RBCs_NPs_1-20_3_3hrs_1.tif,28,Stressed,NotDead,2.3762731754528588e-06,False,True,False,Stressed,Stressed
Data_MC/images/PE_RBCs_NPs_1-20_3_3hrs_1.tif,57,Stressed,NotDead,2.3776657660512512e-06,False,True,False,Stressed,Stressed
Data_MC/images/PE_RBCs_NPs_1-20_3_3hrs_2.tif,1,Healthy,NotDead,2.881065897297752e-06,False,True,False,Healthy,Healthy
Data_MC/images/PE_RBCs_NPs_1-20_3_3hrs_2.tif,54,Stressed,NotDead,2.376207688170595e-06,False,True,False,Stressed,Stressed
Data_MC/images/PE_RBCs_NPs_1-20_3_3hrs_2.tif,59,Stressed,NotDead,8.644231760612797e-06,False,True,False,Healthy,Healthy
Data_MC/images/PE_RBCs_NPs_1-20_3_3hrs_4.tif,25,Stressed,NotDead,2.3776685377230322e-06,False,True,False,Stressed,Stressed
Data_MC/images/PE_RBCs_NPs_1-20_4_3hrs_1.tif,38,Healthy,NotDead,3.0644730651951946e-06,False,True,False,Healthy,Healthy
Data_MC/images/PE_RBCs_NPs_1-20_4_3hrs_1.tif,58,Stressed,NotDead,2.377185152724337e-06,False,True,False,Stressed,Stressed
Data_MC/images/PE_RBCs_NPs_1-20_4_3hrs_2.tif,49,Crenated,NotDead,2.37766858679489e-06,False,True,False,Stressed,Stressed
Data_MC/images/PE_RBCs_NPs_1-20_4_3hrs_3.tif,5,Stressed,NotDead,2.3719533472910115e-06,False,True,False,Healthy,Healthy
Data_MC/images/PE_RBCs_NPs_1-20_5_15hrs_2.tif,24,Healthy,NotDead,2.545035532774964e-05,False,True,False,Healthy,Healthy
Data_MC/images/PE_RBCs_NPs_1-20_5_15hrs_2.tif,35,Dead,Dead,0.9999977094387816,False,True,False,,Dead
Data_MC/images/PE_RBCs_NPs_1-20_5_3hrs_2.tif,27,Healthy,NotDead,2.3776686560728066e-06,False,True,False,Healthy,Healthy
Data_MC/images/PE_RBCs_NPs_1-20_5_3hrs_2.tif,57,Stressed,NotDead,2.347586540274449e-06,False,True,False,Stressed,Stressed
Data_MC/images/PE_RBCs_NPs_1-20_5_3hrs_4.tif,45,Stressed,NotDead,3.0107473584228828e-06,False,True,False,Stressed,Stressed
Data_MC/images/PE_RBCs_NPs_1-20_6_3hrs_2.tif,60,Stressed,NotDead,2.377668618325224e-06,False,True,False,Stressed,Stressed
Data_MC/images/PE_RBCs_NPs_1-20_6_3hrs_3.tif,4,Healthy,NotDead,1.6233706349955135e-05,False,True,False,Stressed,Stressed
Data_MC/images/PE_RBCs_NPs_1-20_6_3hrs_4.tif,33,Stressed,NotDead,2.3776648845341697e-06,False,True,False,Stressed,Stressed
Data_MC/images/PE_RBCs_NPs_1-20_7_15hrs_2.tif,39,Crenated,NotDead,2.4212363136655313e-06,False,True,False,Crenated,Crenated
Data_MC/images/PE_RBCs_NPs_1-50_1_15hrs_4.tif,26,Stressed,NotDead,2.405313110243057e-06,False,True,False,Stressed,Stressed
Data_MC/images/PE_RBCs_NPs_1-50_1_3hrs_1.tif,7,Healthy,NotDead,3.0771388975781022e-06,False,True,False,Healthy,Healthy
Data_MC/images/PE_RBCs_NPs_1-50_1_3hrs_1.tif,56,Crenated,NotDead,2.3762731110599233e-06,False,True,False,Crenated,Crenated
Data_MC/images/PE_RBCs_NPs_1-50_1_3hrs_3.tif,30,Healthy,NotDead,2.3776662454455533e-06,False,True,False,Stressed,Stressed
Data_MC/images/PE_RBCs_NPs_1-50_1_3hrs_3.tif,46,Healthy,NotDead,2.8937396538197824e-05,False,True,False,Healthy,Healthy
Data_MC/images/PE_RBCs_NPs_1-50_1_3hrs_4.tif,53,Stressed,NotDead,2.4481090359351754e-06,False,True,False,Stressed,Stressed
Data_MC/images/PE_RBCs_NPs_1-50_1_3hrs_4.tif,73,Crenated,NotDead,2.377668456898796e-06,False,True,False,Crenated,Crenated
Data_MC/images/PE_RBCs_NPs_1-50_1_3hrs_4.tif,81,Crenated,NotDead,2.37018787918597e-06,False,True,False,Crenated,Crenated
Data_MC/images/PE_RBCs_NPs_1-50_2_15hrs_2.tif,21,Crenated,NotDead,2.6185469333972478e-06,False,True,False,Crenated,Crenated
Data_MC/images/PE_RBCs_NPs_1-50_2_15hrs_3.tif,47,Dead,Dead,0.9999973360610871,False,True,False,,Dead
Data_MC/images/PE_RBCs_NPs_1-50_2_3hrs_2.tif,21,Healthy,NotDead,3.545467851528983e-06,False,True,False,Stressed,Stressed
Data_MC/images/PE_RBCs_NPs_1-50_2_3hrs_2.tif,24,Healthy,NotDead,2.6229019232104633e-06,False,True,False,Stressed,Stressed
Data_MC/images/PE_RBCs_NPs_1-50_2_3hrs_3.tif,65,Stressed,NotDead,2.529623190083985e-05,False,True,False,Healthy,Healthy
Data_MC/images/PE_RBCs_NPs_1-50_2_3hrs_4.tif,3,Stressed,NotDead,2.3961579287412604e-06,False,True,False,Stressed,Stressed
Data_MC/images/PE_RBCs_NPs_1-50_3_15hrs_1.tif,46,Crenated,NotDead,2.6809114640480303e-06,False,True,False,Crenated,Crenated
Data_MC/images/PE_RBCs_NPs_1-50_3_15hrs_2.tif,15,Healthy,NotDead,2.4552988866499703e-06,False,True,False,Healthy,Healthy
Data_MC/images/PE_RBCs_NPs_1-50_3_15hrs_2.tif,43,Dead,Dead,0.9999971813974777,False,True,False,,Dead
Data_MC/images/PE_RBCs_NPs_1-50_3_15hrs_2.tif,61,Dead,Dead,0.999990238821205,False,True,False,,Dead
Data_MC/images/PE_RBCs_NPs_1-50_3_15hrs_3.tif,3,Stressed,NotDead,2.4833656866452003e-06,False,True,False,Stressed,Stressed
Data_MC/images/PE_RBCs_NPs_1-50_3_15hrs_3.tif,51,Dead,Dead,0.9999947931366913,False,True,False,,Dead
Data_MC/images/PE_RBCs_NPs_1-50_3_3hrs_3.tif,4,Stressed,NotDead,1.4223700355420199e-05,False,True,False,Stressed,Stressed
Data_MC/images/PE_RBCs_NPs_1-50_3_3hrs_4.tif,59,Stressed,NotDead,3.877734065405036e-06,False,True,False,Healthy,Healthy
Data_MC/images/PE_RBCs_NPs_1-50_4_15hrs_2.tif,47,Dead,Dead,0.9999972023645033,False,True,False,,Dead
Data_MC/images/PE_RBCs_NPs_1-50_4_15hrs_4.tif,38,Dead,Dead,0.9999951840373458,False,True,False,,Dead
Data_MC/images/PE_RBCs_NPs_1-50_4_3hrs_1.tif,31,Stressed,NotDead,9.061782631492044e-06,False,True,False,Stressed,Stressed
Data_MC/images/PE_RBCs_NPs_1-50_4_3hrs_2.tif,42,Healthy,NotDead,3.5577453439961104e-06,False,True,False,Healthy,Healthy
Data_MC/images/PE_RBCs_NPs_1-50_4_3hrs_3.tif,62,Healthy,NotDead,6.955012444742614e-06,False,True,False,Healthy,Healthy
Data_MC/images/PE_RBCs_NPs_1-50_4_3hrs_3.tif,66,Stressed,NotDead,2.3961500758007404e-06,False,True,False,Stressed,Stressed
Data_MC/images/PE_RBCs_NPs_1-50_4_3hrs_4.tif,32,Healthy,NotDead,3.979371969109469e-05,False,True,False,Healthy,Healthy
Data_MC/images/PE_RBCs_NPs_1-50_4_3hrs_4.tif,39,Healthy,NotDead,3.545469254850886e-06,False,True,False,Healthy,Healthy
Data_MC/images/PE_RBCs_NPs_1-50_5_15hrs_1.tif,27,Crenated,NotDead,2.4212691639435846e-06,False,True,False,Crenated,Crenated
Data_MC/images/PE_RBCs_NPs_1-50_5_3hrs_2.tif,54,Healthy,NotDead,4.1210638718203185e-06,False,True,False,Healthy,Healthy
Data_MC/images/PE_RBCs_NPs_1-50_5_3hrs_3.tif,12,Stressed,NotDead,2.396157939621446e-06,False,True,False,Crenated,Crenated
Data_MC/images/PE_RBCs_NPs_1-50_5_3hrs_4.tif,45,Stressed,NotDead,2.4488349277262955e-06,False,True,False,Stressed,Stressed
Data_MC/images/PE_RBCs_NPs_1-50_6_15hrs_3.tif,37,Crenated,NotDead,2.421414933673205e-06,False,True,False,Stressed,Stressed
Data_MC/images/PE_RBCs_NPs_1-50_6_15hrs_3.tif,43,Crenated,NotDead,2.499758660512441e-06,False,True,False,Healthy,Healthy
Data_MC/images/PE_RBCs_NPs_1-50_6_15hrs_4.tif,49,Dead,Dead,0.9999950651273979,False,True,False,,Dead
Data_MC/images/PE_RBCs_NPs_1-50_6_3hrs_1.tif,188,Crenated,NotDead,4.027643732418262e-06,False,True,False,Stressed,Stressed
Data_MC/images/PE_RBCs_NPs_1-50_6_3hrs_2.tif,37,Healthy,NotDead,2.396144268002054e-06,False,True,False,Healthy,Healthy
Data_MC/images/PE_RBCs_control_1_15hrs_3.tif,66,Dead,Dead,0.9999699161453803,False,True,False,,Dead
Data_MC/images/PE_RBCs_control_1_15hrs_4.tif,34,Healthy,NotDead,6.385860760294015e-06,False,True,False,Healthy,Healthy
Data_MC/images/PE_RBCs_control_1_15hrs_4.tif,66,Dead,Dead,0.9999968935663335,False,True,False,,Dead
Data_MC/images/PE_RBCs_control_1_3hrs_1.tif,12,Healthy,NotDead,2.490086604689523e-06,False,True,False,Stressed,Stressed
Data_MC/images/PE_RBCs_control_1_3hrs_1.tif,25,Stressed,NotDead,2.4212566828163418e-06,False,True,False,Crenated,Crenated
Data_MC/images/PE_RBCs_control_1_3hrs_2.tif,79,Stressed,NotDead,2.4409509283840336e-06,False,True,False,Stressed,Stressed
Data_MC/images/PE_RBCs_control_1_3hrs_2.tif,104,Crenated,NotDead,2.693616777516006e-06,False,True,False,Stressed,Stressed
Data_MC/images/PE_RBCs_control_2_15hrs_2.tif,63,Healthy,NotDead,1.7908281936707127e-05,False,True,False,Healthy,Healthy
Data_MC/images/PE_RBCs_control_2_15hrs_4.tif,20,Crenated,NotDead,3.6663805431658147e-06,False,True,False,Stressed,Stressed
Data_MC/images/PE_RBCs_control_2_3hrs_1.tif,100,Crenated,NotDead,2.6938020420974595e-06,False,True,False,Crenated,Crenated
Data_MC/images/PE_RBCs_control_2_3hrs_2.tif,2,Healthy,NotDead,2.4156483697801434e-06,False,True,False,Healthy,Healthy
Data_MC/images/PE_RBCs_control_2_3hrs_3.tif,114,Crenated,NotDead,2.6858062045498343e-06,False,True,False,Crenated,Crenated
Data_MC/images/PE_RBCs_control_2_3hrs_4.tif,56,Healthy,NotDead,5.873958127555756e-05,False,True,False,Healthy,Healthy
Data_MC/images/PE_RBCs_control_3_15hrs_3.tif,44,Healthy,NotDead,2.512817417921198e-06,False,True,False,Healthy,Healthy
Data_MC/images/PE_RBCs_control_4_15hrs_1.tif,25,Healthy,NotDead,2.3961492147117625e-06,False,True,False,Healthy,Healthy
Data_MC/images/PE_RBCs_control_4_15hrs_1.tif,29,Healthy,NotDead,4.186858235777358e-06,False,True,False,Healthy,Healthy
Data_MC/images/PE_RBCs_control_4_3hrs_1.tif,39,Healthy,NotDead,2.4156401450259324e-06,False,True,False,Healthy,Healthy
Data_MC/images/PE_RBCs_control_4_3hrs_2.tif,76,Crenated,NotDead,2.5115400497099927e-06,False,True,False,Crenated,Crenated
Data_MC/images/PE_RBCs_control_4_3hrs_2.tif,87,Healthy,NotDead,2.3961533782701494e-06,False,True,False,Stressed,Stressed
Data_MC/images/PE_RBCs_control_4_3hrs_3.tif,34,Stressed,NotDead,2.396151097205923e-06,False,True,False,Stressed,Stressed
Data_MC/images/PE_RBCs_control_4_3hrs_3.tif,41,Stressed,NotDead,2.396157501749485e-06,False,True,False,Crenated,Crenated
Data_MC/images/PE_RBCs_control_4_3hrs_4.tif,76,Healthy,NotDead,1.0792778931123514e-05,False,True,False,Healthy,Healthy
Data_MC/images/PE_RBCs_control_5_3hrs_1.tif,79,Stressed,NotDead,8.812693069848443e-06,False,True,False,Stressed,Stressed
Data_MC/images/PE_RBCs_control_5_3hrs_3.tif,106,Crenated,NotDead,2.396149394345848e-06,False,True,False,Crenated,Crenated
Data_MC/images/PE_RBCs_control_6_15hrs_2.tif,26,Healthy,NotDead,2.4214106318920514e-06,False,True,False,Healthy,Healthy
Data_MC/images/PE_RBCs_control_6_15hrs_2.tif,36,Dead,Dead,0.9999964654129893,False,True,False,,Dead
Data_MC/images/PE_RBCs_control_6_15hrs_3.tif,12,Healthy,NotDead,2.5391866400603647e-06,False,True,False,Stressed,Stressed
Data_MC/images/PE_RBCs_control_6_15hrs_4.tif,28,Crenated,NotDead,2.4429369905876186e-06,False,True,False,Crenated,Crenated
Data_MC/images/PE_RBCs_control_6_15hrs_4.tif,48,Dead,Dead,0.9999896739607802,False,True,False,,Dead
Data_MC/images/PE_RBCs_control_6_3hrs_2.tif,75,Healthy,NotDead,2.3961589896703828e-06,False,True,False,Stressed,Stressed
Data_MC/images/PE_RBCs_control_6_3hrs_4.tif,13,Stressed,NotDead,2.421257655593756e-06,False,True,False,Crenated,Crenated
Data_MC/images/PE_RBCs_control_6_3hrs_4.tif,19,Stressed,NotDead,3.5575081500649475e-06,False,True,False,Healthy,Healthy
Data_MC/images/PP_RBCs_NPs_1-10_1_15hrs_1.tif,26,Dead,Dead,0.9999968765615486,False,True,False,,Dead
Data_MC/images/PP_RBCs_NPs_1-10_1_15hrs_2.tif,32,Dead,Dead,0.9999970667945086,False,True,False,,Dead
Data_MC/images/PP_RBCs_NPs_1-10_1_3hrs_1.tif,34,Stressed,NotDead,3.4594106392837887e-06,False,True,False,Stressed,Stressed
Data_MC/images/PP_RBCs_NPs_1-10_2_15hrs_1.tif,29,Dead,Dead,0.999996993915697,False,True,False,,Dead
Data_MC/images/PP_RBCs_NPs_1-10_2_15hrs_4.tif,37,Dead,Dead,0.9999974262716309,False,True,False,,Dead
Data_MC/images/PP_RBCs_NPs_1-10_2_3hrs_2.tif,13,Healthy,NotDead,2.4843114853068116e-06,False,True,False,Healthy,Healthy
Data_MC/images/PP_RBCs_NPs_1-10_2_3hrs_3.tif,9,Healthy,NotDead,3.5577466139802283e-06,False,True,False,Healthy,Healthy
Data_MC/images/PP_RBCs_NPs_1-10_3_15hrs_1.tif,27,Dead,Dead,0.999995257081287,False,True,False,,Dead
Data_MC/images/PP_RBCs_NPs_1-10_3_15hrs_2.tif,17,Dead,Dead,0.9999971358279395,False,True,False,,Dead
Data_MC/images/PP_RBCs_NPs_1-10_3_15hrs_4.tif,36,Dead,Dead,0.9996628943408519,False,True,False,,Dead
Data_MC/images/PP_RBCs_NPs_1-10_3_3hrs_1.tif,22,Healthy,NotDead,1.218487549858871e-05,False,True,False,Stressed,Stressed
Data_MC/images/PP_RBCs_NPs_1-10_3_3hrs_1.tif,68,Crenated,NotDead,2.6912453814365023e-06,False,True,False,Crenated,Crenated
Data_MC/images/PP_RBCs_NPs_1-10_3_3hrs_2.tif,41,Healthy,NotDead,2.1277605615321882e-05,False,True,False,Healthy,Healthy
Data_MC/images/PP_RBCs_NPs_1-10_3_3hrs_2.tif,48,Healthy,NotDead,1.5439254267057834e-05,False,True,False,Healthy,Healthy
Data_MC/images/PP_RBCs_NPs_1-10_3_3hrs_2.tif,61,Crenated,NotDead,2.3961592150456568e-06,False,True,False,Crenated,Crenated
Data_MC/images/PP_RBCs_NPs_1-10_3_3hrs_3.tif,61,Stressed,NotDead,2.402263899581314e-06,False,True,False,Stressed,Stressed
Data_MC/images/PP_RBCs_NPs_1-10_3_3hrs_4.tif,24,Stressed,NotDead,3.6087632787618062e-06,False,True,False,Healthy,Healthy
Data_MC/images/PP_RBCs_NPs_1-10_4_15hrs_1.tif,21,Dead,Dead,0.9999971203781642,False,True,False,,Dead
Data_MC/images/PP_RBCs_NPs_1-10_4_3hrs_3.tif,83,Dead,Dead,0.9999975996900384,False,True,False,,Dead
Data_MC/images/PP_RBCs_NPs_1-10_4_3hrs_4.tif,83,Crenated,NotDead,2.4197141733628413e-06,False,True,False,Crenated,Crenated
Data_MC/images/PP_RBCs_NPs_1-10_4_3hrs_4.tif,85,Crenated,NotDead,2.7222098731849442e-06,False,True,False,Crenated,Crenated
Data_MC/images/PP_RBCs_NPs_1-10_5_15hrs_1.tif,3,Dead,Dead,0.9999970504879666,False,True,False,,Dead
Data_MC/images/PP_RBCs_NPs_1-10_5_15hrs_3.tif,6,Dead,Dead,0.9999969713114845,False,True,False,,Dead
Data_MC/images/PP_RBCs_NPs_1-10_5_15hrs_3.tif,19,Dead,Dead,0.9999970026667162,False,True,False,,Dead
Data_MC/images/PP_RBCs_NPs_1-10_5_3hrs_1.tif,6,Stressed,NotDead,2.3961581629983186e-06,False,True,False,Stressed,Stressed
Data_MC/images/PP_RBCs_NPs_1-10_5_3hrs_3.tif,7,Healthy,NotDead,2.4029513646661727e-06,False,True,False,Healthy,Healthy
Data_MC/images/PP_RBCs_NPs_1-10_5_3hrs_3.tif,17,Stressed,NotDead,2.4631272502739776e-06,False,True,False,Healthy,Healthy
Data_MC/images/PP_RBCs_NPs_1-10_5_3hrs_4.tif,29,Stressed,NotDead,3.557743996407403e-06,False,True,False,Healthy,Healthy
Data_MC/images/PP_RBCs_NPs_1-10_5_3hrs_4.tif,78,Healthy,NotDead,2.1610744809441584e-05,False,True,False,Healthy,Healthy
Data_MC/images/PP_RBCs_NPs_1-10_6_15hrs_1.tif,23,Dead,Dead,0.9999970641543051,False,True,False,,Dead
Data_MC/images/PP_RBCs_NPs_1-10_6_15hrs_3.tif,9,Dead,Dead,0.9999971990068838,False,True,False,,Dead
Data_MC/images/PP_RBCs_NPs_1-10_6_3hrs_2.tif,57,Healthy,NotDead,2.4156343323422647e-06,False,True,False,Healthy,Healthy
Data_MC/images/PP_RBCs_NPs_1-10_6_3hrs_3.tif,47,Crenated,NotDead,2.3961510652315e-06,False,True,False,Crenated,Crenated
Data_MC/images/PP_RBCs_NPs_1-10_7_3hrs_1.tif,87,Crenated,NotDead,2.4853339292141285e-06,False,True,False,Crenated,Crenated
Data_MC/images/PP_RBCs_NPs_1-10_7_3hrs_1.tif,98,Dead,Dead,0.9999972588565653,False,True,False,,Dead
Data_MC/images/PP_RBCs_NPs_1-10_7_3hrs_2.tif,60,Stressed,NotDead,9.018578261188459e-06,False,True,False,Healthy,Healthy
Data_MC/images/PP_RBCs_NPs_1-10_7_3hrs_2.tif,66,Stressed,NotDead,3.534480082723057e-06,False,True,False,Healthy,Healthy
Data_MC/images/PP_RBCs_NPs_1-10_7_3hrs_2.tif,81,Dead,Dead,0.9999973901825974,False,True,False,,Dead
Data_MC/images/PP_RBCs_NPs_1-10_7_3hrs_3.tif,67,Stressed,NotDead,2.4156424069943228e-06,False,True,False,Healthy,Healthy
Data_MC/images/PP_RBCs_NPs_1-10_7_3hrs_4.tif,34,Stressed,NotDead,2.3946207311498213e-06,False,True,False,Stressed,Stressed
Data_MC/images/PP_RBCs_NPs_1-200_1_15hrs_4.tif,41,Healthy,NotDead,2.6201455556318365e-06,False,True,False,Healthy,Healthy
Data_MC/images/PP_RBCs_NPs_1-200_1_15hrs_4.tif,58,Dead,Dead,0.999994318873725,False,True,False,,Dead
Data_MC/images/PP_RBCs_NPs_1-200_1_15hrs_4.tif,63,Dead,Dead,0.9999974951712113,False,True,False,,Dead
Data_MC/images/PP_RBCs_NPs_1-200_1_3hrs_4.tif,21,Stressed,NotDead,2.4156483080517432e-06,False,True,False,Stressed,Stressed
Data_MC/images/PP_RBCs_NPs_1-200_1_3hrs_4.tif,58,Crenated,NotDead,2.3961551703921558e-06,False,True,False,Crenated,Crenated
Data_MC/images/PP_RBCs_NPs_1-200_1_3hrs_4.tif,63,Stressed,NotDead,2.415642385455996e-06,False,True,False,Healthy,Healthy
Data_MC/images/PP_RBCs_NPs_1-200_2_15hrs_1.tif,57,Dead,Dead,0.999989670890649,False,True,False,,Dead
Data_MC/images/PP_RBCs_NPs_1-200_2_15hrs_4.tif,55,Crenated,NotDead,4.5352208418170115e-05,False,True,False,Healthy,Healthy
Data_MC/images/PP_RBCs_NPs_1-200_2_3hrs_2.tif,62,Healthy,NotDead,2.4312122182124085e-06,False,True,False,Stressed,Stressed
Data_MC/images/PP_RBCs_NPs_1-200_2_3hrs_3.tif,26,Healthy,NotDead,1.690742017401714e-05,False,True,False,Healthy,Healthy
Data_MC/images/PP_RBCs_NPs_1-200_2_3hrs_3.tif,76,Stressed,NotDead,2.4312138509063885e-06,False,True,False,Stressed,Stressed
Data_MC/images/PP_RBCs_NPs_1-200_2_3hrs_4.tif,32,Healthy,NotDead,2.375469164039856e-06,False,True,False,Healthy,Healthy
Data_MC/images/PP_RBCs_NPs_1-200_2_3hrs_4.tif,58,Stressed,NotDead,2.634286939362518e-06,False,True,False,Stressed,Stressed
Data_MC/images/PP_RBCs_NPs_1-200_3_15hrs_1.tif,34,Healthy,NotDead,1.1587143911917508e-05,False,True,False,Healthy,Healthy
Data_MC/images/PP_RBCs_NPs_1-200_3_3hrs_4.tif,16,Healthy,NotDead,2.277860345734073e-05,False,True,False,Healthy,Healthy
Data_MC/images/PP_RBCs_NPs_1-200_3_3hrs_4.tif,95,Crenated,NotDead,2.4968090701626977e-06,False,True,False,Crenated,Crenated
Data_MC/images/PP_RBCs_NPs_1-200_4_15hrs_2.tif,10,Healthy,NotDead,2.3369035807574434e-06,False,True,False,Healthy,Healthy
Data_MC/images/PP_RBCs_NPs_1-200_4_15hrs_2.tif,16,Healthy,NotDead,2.3754981692825083e-06,False,True,False,Healthy,Healthy
Data_MC/images/PP_RBCs_NPs_1-200_4_15hrs_3.tif,20,Healthy,NotDead,2.3754627151983954e-06,False,True,False,Healthy,Healthy
Data_MC/images/PP_RBCs_NPs_1-200_4_15hrs_3.tif,27,Stressed,NotDead,1.2594944644339634e-05,False,True,False,Stressed,Stressed
Data_MC/images/PP_RBCs_NPs_1-200_5_15hrs_1.tif,47,Dead,Dead,0.9999971586540779,False,True,False,,Dead
Data_MC/images/PP_RBCs_NPs_1-200_5_15hrs_2.tif,11,Healthy,NotDead,2.3754556701671703e-06,False,True,False,Healthy,Healthy
Data_MC/images/PP_RBCs_NPs_1-200_5_15hrs_3.tif,10,Stressed,NotDead,2.556256714192351e-06,False,True,False,Healthy,Healthy
Data_MC/images/PP_RBCs_NPs_1-200_5_15hrs_3.tif,26,Healthy,NotDead,2.3537181614852187e-06,False,True,False,Stressed,Stressed
Data_MC/images/PP_RBCs_NPs_1-200_5_15hrs_3.tif,45,Dead,Dead,0.9999973283671679,False,True,False,,Dead
Data_MC/images/PP_RBCs_NPs_1-200_5_3hrs_3.tif,45,Crenated,NotDead,2.375486050643083e-06,False,True,False,Crenated,Crenated
Data_MC/images/PP_RBCs_NPs_1-200_5_3hrs_4.tif,37,Crenated,NotDead,2.375469374982231e-06,False,True,False,Stressed,Stressed
Data_MC/images/PP_RBCs_NPs_1-200_5_3hrs_4.tif,55,Stressed,NotDead,2.431208277586805e-06,False,True,False,Healthy,Healthy
Data_MC/images/PP_RBCs_NPs_1-200_6_15hrs_2.tif,40,Dead,Dead,0.9999975755280052,False,True,False,,Dead
Data_MC/images/PP_RBCs_NPs_1-200_6_15hrs_3.tif,13,Stressed,NotDead,2.375469224880078e-06,False,True,False,Stressed,Stressed
Data_MC/images/PP_RBCs_NPs_1-200_6_15hrs_3.tif,35,Healthy,NotDead,1.4761856822032016e-05,False,True,False,Healthy,Healthy
Data_MC/images/PP_RBCs_NPs_1-200_6_15hrs_3.tif,52,Dead,Dead,0.999997189420039,False,True,False,,Dead
Data_MC/images/PP_RBCs_NPs_1-200_6_3hrs_1.tif,32,Stressed,NotDead,1.4260048260550384e-05,False,True,False,Stressed,Stressed
Data_MC/images/PP_RBCs_NPs_1-200_6_3hrs_4.tif,89,Crenated,NotDead,2.990194754248776e-06,False,True,False,Crenated,Crenated
Data_MC/images/PP_RBCs_NPs_1-20_1_15hrs_1.tif,28,Dead,Dead,0.9999958494682553,False,True,False,,Dead
Data_MC/images/PP_RBCs_NPs_1-20_1_3hrs_1.tif,56,Stressed,NotDead,3.245828272713247e-06,False,True,False,Stressed,Stressed
Data_MC/images/PP_RBCs_NPs_1-20_1_3hrs_2.tif,63,Stressed,NotDead,2.4255928383620784e-06,False,True,False,Healthy,Healthy
Data_MC/images/PP_RBCs_NPs_1-20_1_3hrs_3.tif,1,Healthy,NotDead,2.427260570425638e-06,False,True,False,Healthy,Healthy
Data_MC/images/PP_RBCs_NPs_1-20_1_3hrs_3.tif,75,Crenated,NotDead,3.093206793480796e-06,False,True,False,Crenated,Crenated
Data_MC/images/PP_RBCs_NPs_1-20_1_3hrs_4.tif,37,Healthy,NotDead,2.375469650983675e-06,False,True,False,Stressed,Stressed
Data_MC/images/PP_RBCs_NPs_1-20_1_3hrs_4.tif,82,Stressed,NotDead,3.5951648685306203e-05,False,True,False,Healthy,Healthy
Data_MC/images/PP_RBCs_NPs_1-20_2_15hrs_1.tif,34,Dead,Dead,0.9999962082177644,False,True,False,,Dead
Data_MC/images/PP_RBCs_NPs_1-20_2_15hrs_2.tif,19,Dead,Dead,0.9999964846126749,False,True,False,,Dead
Data_MC/images/PP_RBCs_NPs_1-20_2_15hrs_2.tif,36,Dead,Dead,0.9999972189391569,False,True,False,,Dead
Data_MC/images/PP_RBCs_NPs_1-20_2_15hrs_2.tif,44,Dead,Dead,0.9999975233100238,False,True,False,,Dead
Data_MC/images/PP_RBCs_NPs_1-20_2_15hrs_3.tif,43,Dead,Dead,0.9999965887631763,False,True,False,,Dead
Data_MC/images/PP_RBCs_NPs_1-20_2_15hrs_4.tif,30,Dead,Dead,0.9999972027324877,False,True,False,,Dead
Data_MC/images/PP_RBCs_NPs_1-20_2_3hrs_2.tif,75,Crenated,NotDead,2.994281308232871e-06,False,True,False,Crenated,Crenated
Data_MC/images/PP_RBCs_NPs_1-20_2_3hrs_4.tif,11,Stressed,NotDead,2.4272619773002546e-06,False,True,False,Healthy,Healthy
Data_MC/images/PP_RBCs_NPs_1-20_2_3hrs_4.tif,96,Crenated,NotDead,2.430497128114162e-06,False,True,False,Crenated,Crenated
Data_MC/images/PP_RBCs_NPs_1-20_3_15hrs_3.tif,27,Dead,Dead,0.9999954586329847,False,True,False,,Dead
Data_MC/images/PP_RBCs_NPs_1-20_3_15hrs_3.tif,38,Dead,Dead,0.9999955625755099,False,True,False,,Dead
Data_MC/images/PP_RBCs_NPs_1-20_3_15hrs_3.tif,39,Dead,Dead,0.9999973215757291,False,True,False,,Dead
Data_MC/images/PP_RBCs_NPs_1-20_3_3hrs_1.tif,78,Healthy,NotDead,2.4204168216357402e-06,False,True,False,Healthy,Healthy
Data_MC/images/PP_RBCs_NPs_1-20_3_3hrs_3.tif,54,Stressed,NotDead,2.4312956571348465e-06,False,True,False,Stressed,Stressed
Data_MC/images/PP_RBCs_NPs_1-20_3_3hrs_3.tif,89,Healthy,NotDead,2.905770842054345e-06,False,True,False,Healthy,Healthy
Data_MC/images/PP_RBCs_NPs_1-20_3_3hrs_3.tif,93,Crenated,NotDead,2.5389630955441334e-06,False,True,False,Crenated,Crenated
Data_MC/images/PP_RBCs_NPs_1-20_3_3hrs_4.tif,20,Stressed,NotDead,2.5025062959649347e-06,False,True,False,Healthy,Healthy
Data_MC/images/PP_RBCs_NPs_1-20_4_15hrs_1.tif,47,Dead,Dead,0.9999959607122962,False,True,False,,Dead
Data_MC/images/PP_RBCs_NPs_1-20_4_15hrs_2.tif,3,Healthy,NotDead,4.5352208418170115e-05,False,True,False,Healthy,Healthy
Data_MC/images/PP_RBCs_NPs_1-20_4_15hrs_2.tif,16,Healthy,NotDead,4.549701473677281e-05,False,True,False,Healthy,Healthy
Data_MC/images/PP_RBCs_NPs_1-20_4_15hrs_3.tif,14,Dead,Dead,0.9999969314853149,False,True,False,,Dead
Data_MC/images/PP_RBCs_NPs_1-20_4_3hrs_1.tif,49,Healthy,NotDead,2.861426682598811e-06,False,True,False,Healthy,Healthy
Data_MC/images/PP_RBCs_NPs_1-20_4_3hrs_2.tif,20,Stressed,NotDead,2.375469255744278e-06,False,True,False,Stressed,Stressed
Data_MC/images/PP_RBCs_NPs_1-20_4_3hrs_2.tif,40,Stressed,NotDead,2.820355270771735e-06,False,True,False,Stressed,Stressed
Data_MC/images/PP_RBCs_NPs_1-20_4_3hrs_2.tif,83,Healthy,NotDead,6.28894871822494e-05,False,True,False,Healthy,Healthy
Data_MC/images/PP_RBCs_NPs_1-20_4_3hrs_3.tif,10,Crenated,NotDead,2.37546934456212e-06,False,True,False,Crenated,Crenated
Data_MC/images/PP_RBCs_NPs_1-20_4_3hrs_4.tif,44,Stressed,NotDead,2.4257020013740416e-06,False,True,False,Crenated,Crenated
Data_MC/images/PP_RBCs_NPs_1-20_5_15hrs_2.tif,11,Stressed,NotDead,2.2786373002903204e-06,False,True,False,Crenated,Crenated
Data_MC/images/PP_RBCs_NPs_1-20_5_15hrs_3.tif,19,Dead,Dead,0.999995279008189,False,True,False,,Dead
Data_MC/images/PP_RBCs_NPs_1-20_5_3hrs_1.tif,41,Healthy,NotDead,2.4296625140696193e-06,False,True,False,Healthy,Healthy
Data_MC/images/PP_RBCs_NPs_1-20_5_3hrs_1.tif,68,Crenated,NotDead,3.1732367780090698e-06,False,True,False,Crenated,Crenated
Data_MC/images/PP_RBCs_NPs_1-20_5_3hrs_2.tif,31,Healthy,NotDead,2.4272884426856933e-06,False,True,False,Healthy,Healthy
Data_MC/images/PP_RBCs_NPs_1-20_5_3hrs_4.tif,84,Stressed,NotDead,2.4272526576440967e-06,False,True,False,Stressed,Stressed
Data_MC/images/PP_RBCs_NPs_1-20_6_15hrs_2.tif,23,Dead,Dead,0.9999972068262781,False,True,False,,Dead
Data_MC/images/PP_RBCs_NPs_1-20_6_3hrs_1.tif,24,Stressed,NotDead,1.1618580622596575e-05,False,True,False,Stressed,Stressed
Data_MC/images/PP_RBCs_NPs_1-20_6_3hrs_1.tif,79,Stressed,NotDead,2.474014135445124e-06,False,True,False,Healthy,Healthy
Data_MC/images/PP_RBCs_NPs_1-20_6_3hrs_3.tif,67,Stressed,NotDead,2.431212208886535e-06,False,True,False,Healthy,Healthy
Data_MC/images/PP_RBCs_NPs_1-20_6_3hrs_4.tif,19,Stressed,NotDead,2.4537966789583976e-06,False,True,False,Healthy,Healthy
Data_MC/images/PP_RBCs_NPs_1-50_1_15hrs_1.tif,61,Dead,Dead,0.9999973091634995,False,True,False,,Dead
Data_MC/images/PP_RBCs_NPs_1-50_1_15hrs_3.tif,51,Dead,Dead,0.9999961009519248,False,True,False,,Dead
Data_MC/images/PP_RBCs_NPs_1-50_1_3hrs_1.tif,1,Healthy,NotDead,5.6029270351087845e-06,False,True,False,Healthy,Healthy
Data_MC/images/PP_RBCs_NPs_1-50_1_3hrs_1.tif,47,Healthy,NotDead,2.572567568415174e-06,False,True,False,Stressed,Stressed
Data_MC/images/PP_RBCs_NPs_1-50_1_3hrs_2.tif,6,Healthy,NotDead,2.369547321579013e-06,False,True,False,Healthy,Healthy
Data_MC/images/PP_RBCs_NPs_1-50_1_3hrs_3.tif,33,Stressed,NotDead,1.4075848514427669e-05,False,True,False,Stressed,Stressed
Data_MC/images/PP_RBCs_NPs_1-50_1_3hrs_4.tif,56,Crenated,NotDead,2.375467390347552e-06,False,True,False,Stressed,Stressed
Data_MC/images/PP_RBCs_NPs_1-50_1_3hrs_4.tif,65,Stressed,NotDead,2.375468929116664e-06,False,True,False,Healthy,Healthy
Data_MC/images/PP_RBCs_NPs_1-50_2_15hrs_1.tif,23,Healthy,NotDead,2.3754593980740424e-06,False,True,False,Healthy,Healthy
Data_MC/images/PP_RBCs_NPs_1-50_2_15hrs_1.tif,36,Dead,Dead,0.9999941650851761,False,True,False,,Dead
Data_MC/images/PP_RBCs_NPs_1-50_2_15hrs_4.tif,40,Dead,Dead,0.9999873083262342,False,True,False,,Dead
Data_MC/images/PP_RBCs_NPs_1-50_2_3hrs_1.tif,48,Healthy,NotDead,2.573881616951823e-06,False,True,False,Healthy,Healthy
Data_MC/images/PP_RBCs_NPs_1-50_2_3hrs_2.tif,15,Healthy,NotDead,2.6343045365084805e-06,False,True,False,Healthy,Healthy
Data_MC/images/PP_RBCs_NPs_1-50_2_3hrs_2.tif,49,Crenated,NotDead,2.4273667724727943e-06,False,True,False,Crenated,Crenated
Data_MC/images/PP_RBCs_NPs_1-50_2_3hrs_3.tif,28,Stressed,NotDead,2.369546751812557e-06,False,True,False,Stressed,Stressed
Data_MC/images/PP_RBCs_NPs_1-50_3_15hrs_1.tif,14,Healthy,NotDead,2.3564212942028817e-06,False,True,False,Healthy,Healthy
Data_MC/images/PP_RBCs_NPs_1-50_3_15hrs_3.tif,8,Healthy,NotDead,2.455658462352517e-06,False,True,False,Stressed,Stressed
Data_MC/images/PP_RBCs_NPs_1-50_3_15hrs_3.tif,60,Dead,Dead,0.9999976453867834,False,True,False,,Dead
Data_MC/images/PP_RBCs_NPs_1-50_3_15hrs_4.tif,20,Stressed,NotDead,4.532136478219151e-06,False,True,False,Healthy,Healthy
Data_MC/images/PP_RBCs_NPs_1-50_3_3hrs_1.tif,5,Stressed,NotDead,2.503599582870386e-06,False,True,False,Stressed,Stressed
Data_MC/images/PP_RBCs_NPs_1-50_3_3hrs_1.tif,72,Healthy,NotDead,2.520513579518102e-06,False,True,False,Healthy,Healthy
Data_MC/images/PP_RBCs_NPs_1-50_4_15hrs_1.tif,55,Dead,Dead,0.9999971365361487,False,True,False,,Dead
Data_MC/images/PP_RBCs_NPs_1-50_4_3hrs_3.tif,21,Stressed,NotDead,1.4075848514427669e-05,False,True,False,Stressed,Stressed
Data_MC/images/PP_RBCs_NPs_1-50_4_3hrs_3.tif,24,Stressed,NotDead,2.4621712533257067e-06,False,True,False,Crenated,Crenated
Data_MC/images/PP_RBCs_NPs_1-50_4_3hrs_3.tif,62,Crenated,NotDead,2.3754633593497942e-06,False,True,False,Crenated,Crenated
Data_MC/images/PP_RBCs_NPs_1-50_5_15hrs_1.tif,59,Dead,Dead,0.9999973011605156,False,True,False,,Dead
Data_MC/images/PP_RBCs_NPs_1-50_5_3hrs_1.tif,25,Stressed,NotDead,1.2009635179888178e-05,False,True,False,Stressed,Stressed
Data_MC/images/PP_RBCs_NPs_1-50_6_15hrs_1.tif,2,Stressed,NotDead,2.375469156268295e-06,False,True,False,Stressed,Stressed
Data_MC/images/PP_RBCs_NPs_1-50_6_15hrs_1.tif,40,Dead,Dead,0.9999959886417076,False,True,False,,Dead
Data_MC/images/PP_RBCs_NPs_1-50_6_15hrs_2.tif,16,Healthy,NotDead,1.1655877607097409e-05,False,True,False,Healthy,Healthy
Data_MC/images/PP_RBCs_NPs_1-50_6_15hrs_2.tif,46,Dead,Dead,0.9999973138574436,False,True,False,,Dead
Data_MC/images/PP_RBCs_NPs_1-50_6_3hrs_2.tif,10,Stressed,NotDead,2.3754692919375486e-06,False,True,False,Stressed,Stressed
Data_MC/images/PP_RBCs_NPs_1-50_6_3hrs_2.tif,20,Crenated,NotDead,2.462132460245847e-06,False,True,False,Stressed,Stressed
Data_MC/images/PP_RBCs_NPs_1-50_6_3hrs_2.tif,44,Stressed,NotDead,2.3754652818119837e-06,False,True,False,Stressed,Stressed
Data_MC/images/PP_RBCs_NPs_1-50_6_3hrs_2.tif,56,Crenated,NotDead,2.4080984208918466e-06,False,True,False,Stressed,Stressed
Data_MC/images/PP_RBCs_NPs_1-50_6_3hrs_2.tif,82,Crenated,NotDead,2.4590897191867356e-06,False,True,False,Crenated,Crenated
Data_MC/images/PP_RBCs_NPs_1-50_6_3hrs_3.tif,79,Crenated,NotDead,2.4590897800269573e-06,False,True,False,Crenated,Crenated
Data_MC/images/PP_RBCs_NPs_1-50_6_3hrs_4.tif,23,Crenated,NotDead,3.510337386214424e-06,False,True,False,Crenated,Crenated
Data_MC/images/PP_RBCs_NPs_1-50_6_3hrs_4.tif,43,Healthy,NotDead,2.388395402230792e-06,False,True,False,Healthy,Healthy
Data_MC/images/PP_RBCs_control_1_15hrs_1.tif,29,Healthy,NotDead,7.156666569918535e-06,False,True,False,Healthy,Healthy
Data_MC/images/PP_RBCs_control_1_15hrs_2.tif,27,Stressed,NotDead,3.357027690054082e-06,False,True,False,Stressed,Stressed
Data_MC/images/PP_RBCs_control_1_15hrs_3.tif,6,Healthy,NotDead,7.068719978686744e-06,False,True,False,Healthy,Healthy
Data_MC/images/PP_RBCs_control_1_3hrs_1.tif,81,Healthy,NotDead,2.3889140227106864e-06,False,True,False,Healthy,Healthy
Data_MC/images/PP_RBCs_control_1_3hrs_2.tif,98,Crenated,NotDead,2.388920867124611e-06,False,True,False,Crenated,Crenated
Data_MC/images/PP_RBCs_control_1_3hrs_3.tif,1,Stressed,NotDead,2.388921199747429e-06,False,True,False,Stressed,Stressed
Data_MC/images/PP_RBCs_control_1_3hrs_4.tif,53,Stressed,NotDead,2.4733704646617838e-06,False,True,False,Healthy,Healthy
Data_MC/images/PP_RBCs_control_2_15hrs_1.tif,17,Stressed,NotDead,2.4768204878178324e-06,False,True,False,Stressed,Stressed
Data_MC/images/PP_RBCs_control_2_3hrs_1.tif,68,Healthy,NotDead,1.1981753320733368e-05,False,True,False,Healthy,Healthy
Data_MC/images/PP_RBCs_control_2_3hrs_1.tif,81,Healthy,NotDead,2.5582810463387062e-06,False,True,False,Healthy,Healthy
Data_MC/images/PP_RBCs_control_2_3hrs_2.tif,35,Healthy,NotDead,2.3875049027788364e-06,False,True,False,Stressed,Stressed
Data_MC/images/PP_RBCs_control_2_3hrs_2.tif,70,Healthy,NotDead,2.388915818163362e-06,False,True,False,Healthy,Healthy
Data_MC/images/PP_RBCs_control_2_3hrs_3.tif,89,Stressed,NotDead,2.408098353834376e-06,False,True,False,Stressed,Stressed
Data_MC/images/PP_RBCs_control_2_3hrs_4.tif,65,Crenated,NotDead,2.1820576414088855e-05,False,True,False,Stressed,Stressed
Data_MC/images/PP_RBCs_control_2_3hrs_4.tif,72,Stressed,NotDead,2.467120904015019e-06,False,True,False,Stressed,Stressed
Data_MC/images/PP_RBCs_control_3_15hrs_1.tif,7,Healthy,NotDead,2.47828942900874e-06,False,True,False,Stressed,Stressed
Data_MC/images/PP_RBCs_control_3_15hrs_1.tif,26,Healthy,NotDead,2.8952432202800082e-06,False,True,False,Healthy,Healthy
Data_MC/images/PP_RBCs_control_3_15hrs_3.tif,59,Dead,Dead,0.9999972089161818,False,True,False,,Dead
Data_MC/images/PP_RBCs_control_3_15hrs_4.tif,62,Dead,Dead,0.9999967891602904,False,True,False,,Dead
Data_MC/images/PP_RBCs_control_3_3hrs_3.tif,112,Crenated,NotDead,3.510339917967009e-06,False,True,False,Crenated,Crenated
Data_MC/images/PP_RBCs_control_3_3hrs_4.tif,99,Stressed,NotDead,2.388913549755678e-06,False,True,False,Healthy,Healthy
Data_MC/images/PP_RBCs_control_4_15hrs_1.tif,23,Healthy,NotDead,2.565055961967211e-06,False,True,False,Healthy,Healthy
Data_MC/images/PP_RBCs_control_4_15hrs_2.tif,66,Dead,Dead,0.9999974503841781,False,True,False,,Dead
Data_MC/images/PP_RBCs_control_4_15hrs_3.tif,41,Crenated,NotDead,2.5222324847584687e-06,False,True,False,Crenated,Crenated
Data_MC/images/PP_RBCs_control_4_3hrs_2.tif,79,Stressed,NotDead,2.4080965410622213e-06,False,True,False,Stressed,Stressed
Data_MC/images/PP_RBCs_control_5_15hrs_3.tif,34,Dead,Dead,0.9999962953845124,False,True,False,,Dead
Data_MC/images/PP_RBCs_control_5_3hrs_1.tif,76,Healthy,NotDead,2.849463946130726e-06,False,True,False,Healthy,Healthy
Data_MC/images/PP_RBCs_control_5_3hrs_3.tif,95,Stressed,NotDead,2.477876398843115e-06,False,True,False,Stressed,Stressed
Data_MC/images/PP_RBCs_control_5_3hrs_4.tif,16,Stressed,NotDead,2.378153463822308e-06,False,True,False,Crenated,Crenated
Data_MC/images/PP_RBCs_control_6_15hrs_1.tif,41,Dead,Dead,0.9999973238243843,False,True,False,,Dead
Data_MC/images/PP_RBCs_control_6_15hrs_2.tif,26,Healthy,NotDead,2.5082805604759173e-06,False,True,False,Healthy,Healthy
Data_MC/images/PP_RBCs_control_6_15hrs_3.tif,35,Healthy,NotDead,7.969915002181693e-06,False,True,False,Healthy,Healthy
Data_MC/images/PP_RBCs_control_6_15hrs_3.tif,47,Dead,Dead,0.9999971732598588,False,True,False,,Dead
Data_MC/images/PP_RBCs_control_6_15hrs_3.tif,48,Dead,Dead,0.9999964424819625,False,True,False,,Dead
Data_MC/images/PP_RBCs_control_6_15hrs_4.tif,25,Healthy,NotDead,3.5385188993375394e-06,False,True,False,Healthy,Healthy
Data_MC/images/PP_RBCs_control_6_3hrs_1.tif,36,Stressed,NotDead,2.3889202580562596e-06,False,True,False,Crenated,Crenated
Data_MC/images/PP_RBCs_control_6_3hrs_1.tif,98,Healthy,NotDead,5.914404671680806e-06,False,True,False,Healthy,Healthy
Data_MC/images/PS_RBCs_NPs_1-10_1_15hrs_4.tif,32,Dead,Dead,0.9999908154638387,False,True,False,,Dead
Data_MC/images/PS_RBCs_NPs_1-10_1_3hrs_1.tif,67,Stressed,NotDead,3.3213744330407025e-06,False,True,False,Stressed,Stressed
Data_MC/images/PS_RBCs_NPs_1-10_1_3hrs_2.tif,55,Crenated,NotDead,2.3889193621062788e-06,False,True,False,Crenated,Crenated
Data_MC/images/PS_RBCs_NPs_1-10_1_3hrs_4.tif,19,Stressed,NotDead,3.3786952181591445e-06,False,True,False,Stressed,Stressed
Data_MC/images/PS_RBCs_NPs_1-10_2_15hrs_3.tif,55,Dead,Dead,0.9998907250535893,False,True,False,,Dead
Data_MC/images/PS_RBCs_NPs_1-10_2_3hrs_2.tif,30,Stressed,NotDead,3.3510382222434743e-06,False,True,False,Stressed,Stressed
Data_MC/images/PS_RBCs_NPs_1-10_2_3hrs_4.tif,2,Stressed,NotDead,2.3843989026550716e-06,False,True,False,Stressed,Stressed
Data_MC/images/PS_RBCs_NPs_1-10_3_15hrs_1.tif,36,Dead,Dead,0.9998410520682973,False,True,False,,Dead
Data_MC/images/PS_RBCs_NPs_1-10_3_15hrs_4.tif,34,Dead,Dead,0.9999737480171891,False,True,False,,Dead
Data_MC/images/PS_RBCs_NPs_1-10_3_15hrs_4.tif,48,Dead,Dead,0.9999472956821003,False,True,False,,Dead
Data_MC/images/PS_RBCs_NPs_1-10_3_15hrs_4.tif,55,Dead,Dead,0.9999974710971814,False,True,False,,Dead
Data_MC/images/PS_RBCs_NPs_1-10_3_15hrs_4.tif,58,Dead,Dead,0.9999973611978197,False,True,False,,Dead
Data_MC/images/PS_RBCs_NPs_1-10_3_3hrs_4.tif,61,Crenated,NotDead,2.408097081962879e-06,False,True,False,Stressed,Stressed
Data_MC/images/PS_RBCs_NPs_1-10_4_15hrs_3.tif,59,Dead,Dead,0.9999969867008429,False,True,False,,Dead
Data_MC/images/PS_RBCs_NPs_1-10_4_3hrs_1.tif,18,Stressed,NotDead,2.4778784929457842e-06,False,True,False,Stressed,Stressed
Data_MC/images/PS_RBCs_NPs_1-10_4_3hrs_2.tif,50,Crenated,NotDead,2.470237073670667e-06,False,True,False,Crenated,Crenated
Data_MC/images/PS_RBCs_NPs_1-10_4_3hrs_2.tif,65,Healthy,NotDead,2.408098222828059e-06,False,True,False,Healthy,Healthy
Data_MC/images/PS_RBCs_NPs_1-10_4_3hrs_3.tif,83,Crenated,NotDead,2.388920537166328e-06,False,True,False,Crenated,Crenated
Data_MC/images/PS_RBCs_NPs_1-10_4_3hrs_4.tif,13,Stressed,NotDead,4.120321244416303e-06,False,True,False,Healthy,Healthy
Data_MC/images/PS_RBCs_NPs_1-10_5_15hrs_1.tif,39,Dead,Dead,0.9999973017997648,False,True,False,,Dead
Data_MC/images/PS_RBCs_NPs_1-10_5_15hrs_3.tif,25,Dead,Dead,0.9999970218535501,False,True,False,,Dead
Data_MC/images/PS_RBCs_NPs_1-10_5_3hrs_1.tif,44,Healthy,NotDead,2.3889210791772086e-06,False,True,False,Healthy,Healthy
Data_MC/images/PS_RBCs_NPs_1-10_5_3hrs_2.tif,33,Healthy,NotDead,2.9855009363588536e-06,False,True,False,Healthy,Healthy
Data_MC/images/PS_RBCs_NPs_1-10_5_3hrs_3.tif,41,Healthy,NotDead,8.868833907493823e-06,False,True,False,Stressed,Stressed
Data_MC/images/PS_RBCs_NPs_1-10_6_15hrs_2.tif,39,Dead,Dead,0.9999971447053708,False,True,False,,Dead
Data_MC/images/PS_RBCs_NPs_1-10_6_15hrs_4.tif,11,Healthy,NotDead,2.4912387036613026e-06,False,True,False,Healthy,Healthy
Data_MC/images/PS_RBCs_NPs_1-10_6_3hrs_1.tif,42,Healthy,NotDead,0.9822168040913785,True,True,False,Healthy,Healthy
Data_MC/images/PS_RBCs_NPs_1-10_6_3hrs_3.tif,71,Dead,Dead,0.9999873988554768,False,True,False,,Dead
Data_MC/images/PS_RBCs_NPs_1-10_7_15hrs_2.tif,34,Healthy,NotDead,1.6211442868119263e-05,False,True,False,Healthy,Healthy
Data_MC/images/PS_RBCs_NPs_1-10_7_15hrs_3.tif,8,Crenated,NotDead,9.326521624331008e-06,False,True,False,Crenated,Crenated
Data_MC/images/PS_RBCs_NPs_1-10_7_15hrs_3.tif,25,Dead,Dead,0.9999967722561709,False,True,False,,Dead
Data_MC/images/PS_RBCs_NPs_1-10_7_15hrs_3.tif,53,Dead,Dead,0.9999793433655066,False,True,False,,Dead
Data_MC/images/PS_RBCs_NPs_1-200_1_15hrs_2.tif,32,Crenated,NotDead,3.662237914148214e-06,False,True,False,Stressed,Stressed
Data_MC/images/PS_RBCs_NPs_1-200_1_15hrs_3.tif,20,Stressed,NotDead,2.5505324630081816e-06,False,True,False,Stressed,Stressed
Data_MC/images/PS_RBCs_NPs_1-200_1_15hrs_3.tif,38,Stressed,NotDead,2.388918065809875e-06,False,True,False,Healthy,Healthy
Data_MC/images/PS_RBCs_NPs_1-200_1_15hrs_3.tif,53,Dead,Dead,0.9999969916714803,False,True,False,,Dead
Data_MC/images/PS_RBCs_NPs_1-200_1_15hrs_4.tif,52,Dead,Dead,0.9999959333369564,False,True,False,,Dead
Data_MC/images/PS_RBCs_NPs_1-200_1_3hrs_1.tif,50,Stressed,NotDead,3.4712983401075093e-06,False,True,False,Stressed,Stressed
Data_MC/images/PS_RBCs_NPs_1-200_1_3hrs_2.tif,29,Stressed,NotDead,3.5095512449512256e-06,False,True,False,Crenated,Crenated
Data_MC/images/PS_RBCs_NPs_1-200_1_3hrs_3.tif,47,Crenated,NotDead,2.3889210465366517e-06,False,True,False,Crenated,Crenated
Data_MC/images/PS_RBCs_NPs_1-200_1_3hrs_4.tif,5,Stressed,NotDead,2.3889203677462945e-06,False,True,False,Stressed,Stressed
Data_MC/images/PS_RBCs_NPs_1-200_2_15hrs_3.tif,21,Stressed,NotDead,2.4080956733119052e-06,False,True,False,Stressed,Stressed
Data_MC/images/PS_RBCs_NPs_1-200_2_15hrs_3.tif,67,Dead,Dead,0.9999969189809008,False,True,False,,Dead
Data_MC/images/PS_RBCs_NPs_1-200_2_15hrs_4.tif,48,Dead,Dead,0.9999970757249171,False,True,False,,Dead
Data_MC/images/PS_RBCs_NPs_1-200_2_3hrs_1.tif,16,Stressed,NotDead,3.510339582457611e-06,False,True,False,Stressed,Stressed
Data_MC/images/PS_RBCs_NPs_1-200_2_3hrs_3.tif,48,Crenated,NotDead,2.3889210905014835e-06,False,True,False,Crenated,Crenated
Data_MC/images/PS_RBCs_NPs_1-200_2_3hrs_3.tif,61,Healthy,NotDead,2.3874973149595746e-06,False,True,False,Healthy,Healthy
Data_MC/images/PS_RBCs_NPs_1-200_2_3hrs_4.tif,48,Crenated,NotDead,3.510337709733413e-06,False,True,False,Crenated,Crenated
Data_MC/images/PS_RBCs_NPs_1-200_3_15hrs_1.tif,54,Dead,Dead,0.9999819794890857,False,True,False,,Dead
Data_MC/images/PS_RBCs_NPs_1-200_3_15hrs_2.tif,39,Crenated,NotDead,3.5103388517088163e-06,False,True,False,Crenated,Crenated
Data_MC/images/PS_RBCs_NPs_1-200_3_15hrs_3.tif,60,Dead,Dead,0.9999968789426165,False,True,False,,Dead
Data_MC/images/PS_RBCs_NPs_1-200_3_15hrs_4.tif,16,Healthy,NotDead,2.450538641340927e-06,False,True,False,Healthy,Healthy
Data_MC/images/PS_RBCs_NPs_1-200_3_15hrs_4.tif,41,Dead,Dead,0.9999972436305292,False,True,False,,Dead
Data_MC/images/PS_RBCs_NPs_1-200_4_15hrs_3.tif,26,Crenated,NotDead,2.408096390515979e-06,False,True,False,Crenated,Crenated
Data_MC/images/PS_RBCs_NPs_1-200_4_15hrs_3.tif,56,Dead,Dead,0.9999969321220413,False,True,False,,Dead
Data_MC/images/PS_RBCs_NPs_1-200_4_3hrs_3.tif,36,Healthy,NotDead,2.491256507308748e-06,False,True,False,Stressed,Stressed
Data_MC/images/PS_RBCs_NPs_1-200_4_3hrs_3.tif,61,Crenated,NotDead,2.38891986170664e-06,False,True,False,Crenated,Crenated
Data_MC/images/PS_RBCs_NPs_1-200_5_15hrs_1.tif,79,Dead,Dead,0.9998383050004515,False,True,False,,Dead
Data_MC/images/PS_RBCs_NPs_1-200_5_15hrs_2.tif,47,Dead,Dead,0.9999970666810899,False,True,False,,Dead
Data_MC/images/PS_RBCs_NPs_1-200_5_15hrs_3.tif,58,Dead,Dead,0.999996566614727,False,True,False,,Dead
Data_MC/images/PS_RBCs_NPs_1-200_5_3hrs_4.tif,71,Stressed,NotDead,2.407576142227086e-06,False,True,False,Stressed,Stressed
Data_MC/images/PS_RBCs_NPs_1-200_6_15hrs_3.tif,27,Crenated,NotDead,2.4782894421093715e-06,False,True,False,Stressed,Stressed
Data_MC/images/PS_RBCs_NPs_1-200_6_15hrs_4.tif,37,Stressed,NotDead,2.4080984333263444e-06,False,True,False,Crenated,Crenated
Data_MC/images/PS_RBCs_NPs_1-200_6_3hrs_3.tif,21,Stressed,NotDead,3.3570277087058287e-06,False,True,False,Crenated,Crenated
Data_MC/images/PS_RBCs_NPs_1-20_1_15hrs_1.tif,8,Healthy,NotDead,2.4777484893823143e-06,False,True,False,Healthy,Healthy
Data_MC/images/PS_RBCs_NPs_1-20_1_15hrs_1.tif,30,Stressed,NotDead,2.4944506743507233e-06,False,True,False,Healthy,Healthy
Data_MC/images/PS_RBCs_NPs_1-20_1_15hrs_3.tif,40,Dead,Dead,0.9999967485459269,False,True,False,,Dead
Data_MC/images/PS_RBCs_NPs_1-20_1_15hrs_4.tif,37,Dead,Dead,0.9999943463787602,False,True,False,,Dead
Data_MC/images/PS_RBCs_NPs_1-20_2_15hrs_1.tif,41,Dead,Dead,0.9999972941136605,False,True,False,,Dead
Data_MC/images/PS_RBCs_NPs_1-20_2_3hrs_2.tif,48,Healthy,NotDead,2.3883837881877312e-06,False,True,False,Stressed,Stressed
Data_MC/images/PS_RBCs_NPs_1-20_2_3hrs_3.tif,1,Stressed,NotDead,2.4585528717313565e-06,False,True,False,Stressed,Stressed
Data_MC/images/PS_RBCs_NPs_1-20_2_3hrs_4.tif,27,Stressed,NotDead,3.1178175009527465e-06,False,True,False,Healthy,Healthy
Data_MC/images/PS_RBCs_NPs_1-20_3_15hrs_2.tif,51,Dead,Dead,0.9999972636478216,False,True,False,,Dead
Data_MC/images/PS_RBCs_NPs_1-20_3_3hrs_3.tif,36,Healthy,NotDead,2.411911425470592e-06,False,True,False,Healthy,Healthy
Data_MC/images/PS_RBCs_NPs_1-20_3_3hrs_3.tif,78,Dead,Dead,0.9999950484234865,False,True,False,,Dead
Data_MC/images/PS_RBCs_NPs_1-20_3_3hrs_4.tif,31,Healthy,NotDead,4.6501499124662615e-06,False,True,False,Healthy,Healthy
Data_MC/images/PS_RBCs_NPs_1-20_3_3hrs_4.tif,60,Healthy,NotDead,2.4093775226052827e-06,False,True,False,Stressed,Stressed
Data_MC/images/PS_RBCs_NPs_1-20_4_15hrs_2.tif,4,Crenated,NotDead,3.1299681045870997e-06,False,True,False,Crenated,Crenated
Data_MC/images/PS_RBCs_NPs_1-20_4_15hrs_2.tif,53,Dead,Dead,0.9999973702620103,False,True,False,,Dead
Data_MC/images/PS_RBCs_NPs_1-20_4_15hrs_3.tif,41,Dead,Dead,0.9999973464751581,False,True,False,,Dead
Data_MC/images/PS_RBCs_NPs_1-20_4_15hrs_3.tif,44,Dead,Dead,0.9999972003085054,False,True,False,,Dead
Data_MC/images/PS_RBCs_NPs_1-20_4_15hrs_4.tif,51,Dead,Dead,0.9999972619340752,False,True,False,,Dead
Data_MC/images/PS_RBCs_NPs_1-20_4_3hrs_1.tif,48,Healthy,NotDead,2.399413269849049e-06,False,True,False,Stressed,Stressed
Data_MC/images/PS_RBCs_NPs_1-20_4_3hrs_3.tif,32,Healthy,NotDead,2.372094862534979e-06,False,True,False,Healthy,Healthy
Data_MC/images/PS_RBCs_NPs_1-20_5_15hrs_1.tif,42,Healthy,NotDead,3.2953213958686334e-06,False,True,False,Stressed,Stressed
Data_MC/images/PS_RBCs_NPs_1-20_5_15hrs_3.tif,47,Crenated,NotDead,2.4179930468992694e-06,False,True,False,Crenated,Crenated
Data_MC/images/PS_RBCs_NPs_1-20_5_15hrs_4.tif,22,Crenated,NotDead,2.833541503100001e-06,False,True,False,Crenated,Crenated
Data_MC/images/PS_RBCs_NPs_1-20_5_3hrs_2.tif,77,Healthy,NotDead,3.0660098693235938e-06,False,True,False,Stressed,Stressed
Data_MC/images/PS_RBCs_NPs_1-20_6_15hrs_2.tif,53,Dead,Dead,0.9999963983482598,False,True,False,,Dead
Data_MC/images/PS_RBCs_NPs_1-20_6_15hrs_3.tif,16,Healthy,NotDead,2.4179834827720015e-06,False,True,False,Healthy,Healthy
Data_MC/images/PS_RBCs_NPs_1-20_6_15hrs_4.tif,67,Dead,Dead,0.9999974952294881,False,True,False,,Dead
Data_MC/images/PS_RBCs_NPs_1-20_6_15hrs_4.tif,70,Dead,Dead,0.9999972908539237,False,True,False,,Dead
Data_MC/images/PS_RBCs_NPs_1-20_6_3hrs_1.tif,87,Crenated,NotDead,2.8558157827429653e-06,False,True,False,Crenated,Crenated
Data_MC/images/PS_RBCs_NPs_1-20_6_3hrs_2.tif,13,Stressed,NotDead,2.4179960237402653e-06,False,True,False,Stressed,Stressed
Data_MC/images/PS_RBCs_NPs_1-20_6_3hrs_3.tif,50,Crenated,NotDead,2.3856809896471987e-06,False,True,False,Crenated,Crenated
Data_MC/images/PS_RBCs_NPs_1-50_1_15hrs_2.tif,39,Crenated,NotDead,3.199813015997144e-06,False,True,False,Stressed,Stressed
Data_MC/images/PS_RBCs_NPs_1-50_1_15hrs_2.tif,46,Dead,Dead,0.9999953877056268,False,True,False,,Dead
Data_MC/images/PS_RBCs_NPs_1-50_1_3hrs_1.tif,23,Crenated,NotDead,2.451504858447251e-06,False,True,False,Stressed,Stressed
Data_MC/images/PS_RBCs_NPs_1-50_1_3hrs_1.tif,43,Healthy,NotDead,3.054016786774305e-05,False,True,False,Healthy,Healthy
Data_MC/images/PS_RBCs_NPs_1-50_2_15hrs_1.tif,7,Stressed,NotDead,2.417992697623106e-06,False,True,False,Stressed,Stressed
Data_MC/images/PS_RBCs_NPs_1-50_2_15hrs_1.tif,21,Stressed,NotDead,2.4179968324267165e-06,False,True,False,Stressed,Stressed
Data_MC/images/PS_RBCs_NPs_1-50_2_15hrs_1.tif,74,Dead,Dead,0.9999972632602399,False,True,False,,Dead
Data_MC/images/PS_RBCs_NPs_1-50_2_15hrs_2.tif,63,Dead,Dead,0.9999973374850232,False,True,False,,Dead
Data_MC/images/PS_RBCs_NPs_1-50_2_15hrs_2.tif,125,Crenated,NotDead,3.239701094392977e-06,False,True,False,Crenated,Crenated
Data_MC/images/PS_RBCs_NPs_1-50_2_15hrs_3.tif,71,Dead,Dead,0.9999961562189386,False,True,False,,Dead
Data_MC/images/PS_RBCs_NPs_1-50_2_15hrs_4.tif,19,Crenated,NotDead,2.4179913207245107e-06,False,True,False,Crenated,Crenated
Data_MC/images/PS_RBCs_NPs_1-50_2_3hrs_1.tif,21,Stressed,NotDead,2.4179935127488505e-06,False,True,False,Stressed,Stressed
Data_MC/images/PS_RBCs_NPs_1-50_2_3hrs_1.tif,23,Healthy,NotDead,2.4179946257474327e-06,False,True,False,Stressed,Stressed
Data_MC/images/PS_RBCs_NPs_1-50_2_3hrs_1.tif,54,Stressed,NotDead,2.397453363389701e-06,False,True,False,Stressed,Stressed
Data_MC/images/PS_RBCs_NPs_1-50_2_3hrs_2.tif,23,Healthy,NotDead,3.580375119049961e-06,False,True,False,Healthy,Healthy
Data_MC/images/PS_RBCs_NPs_1-50_2_3hrs_3.tif,32,Healthy,NotDead,1.5071674785205325e-05,False,True,False,Stressed,Stressed
Data_MC/images/PS_RBCs_NPs_1-50_3_15hrs_1.tif,31,Healthy,NotDead,5.001743563448624e-05,False,True,False,Healthy,Healthy
Data_MC/images/PS_RBCs_NPs_1-50_3_15hrs_1.tif,61,Dead,Dead,0.9999962412722848,False,True,False,,Dead
Data_MC/images/PS_RBCs_NPs_1-50_3_15hrs_3.tif,17,Healthy,NotDead,2.4110895837647917e-06,False,True,False,Healthy,Healthy
Data_MC/images/PS_RBCs_NPs_1-50_3_15hrs_4.tif,7,Stressed,NotDead,2.510724446902479e-06,False,True,False,Stressed,Stressed
Data_MC/images/PS_RBCs_NPs_1-50_3_15hrs_4.tif,110,Healthy,NotDead,2.4034896707325615e-06,False,True,False,Healthy,Healthy
Data_MC/images/PS_RBCs_NPs_1-50_3_3hrs_3.tif,9,Crenated,NotDead,2.417996469605832e-06,False,True,False,Crenated,Crenated
Data_MC/images/PS_RBCs_NPs_1-50_3_3hrs_3.tif,17,Healthy,NotDead,2.4174794190923166e-06,False,True,False,Healthy,Healthy
Data_MC/images/PS_RBCs_NPs_1-50_3_3hrs_4.tif,60,Healthy,NotDead,2.41898509896199e-05,False,True,False,Healthy,Healthy
Data_MC/images/PS_RBCs_NPs_1-50_4_15hrs_2.tif,47,Dead,Dead,0.9999973564674524,False,True,False,,Dead
Data_MC/images/PS_RBCs_NPs_1-50_4_15hrs_4.tif,40,Stressed,NotDead,3.052779949830331e-06,False,True,False,Stressed,Stressed
Data_MC/images/PS_RBCs_NPs_1-50_4_15hrs_4.tif,61,Dead,Dead,0.9999974675673523,False,True,False,,Dead
Data_MC/images/PS_RBCs_NPs_1-50_4_3hrs_1.tif,6,Stressed,NotDead,2.8431828122954528e-06,False,True,False,Stressed,Stressed
Data_MC/images/PS_RBCs_NPs_1-50_4_3hrs_1.tif,22,Stressed,NotDead,2.4174785242525587e-06,False,True,False,Stressed,Stressed
Data_MC/images/PS_RBCs_NPs_1-50_4_3hrs_2.tif,70,Crenated,NotDead,3.1707950096659943e-06,False,True,False,Stressed,Stressed
Data_MC/images/PS_RBCs_NPs_1-50_4_3hrs_2.tif,71,Crenated,NotDead,3.2397007260209776e-06,False,True,False,Crenated,Crenated
Data_MC/images/PS_RBCs_NPs_1-50_4_3hrs_3.tif,14,Healthy,NotDead,2.4179955048220236e-06,False,True,False,Stressed,Stressed
Data_MC/images/PS_RBCs_NPs_1-50_4_3hrs_3.tif,21,Healthy,NotDead,1.292565711485949e-05,False,True,False,Stressed,Stressed
Data_MC/images/PS_RBCs_NPs_1-50_4_3hrs_4.tif,67,Stressed,NotDead,3.0069972818402846e-06,False,True,False,Stressed,Stressed
Data_MC/images/PS_RBCs_NPs_1-50_5_15hrs_1.tif,14,Stressed,NotDead,2.4147460261358944e-06,False,True,False,Stressed,Stressed
Data_MC/images/PS_RBCs_NPs_1-50_5_3hrs_1.tif,5,Stressed,NotDead,3.0527866324847608e-06,False,True,False,Crenated,Crenated
Data_MC/images/PS_RBCs_NPs_1-50_5_3hrs_1.tif,38,Stressed,NotDead,3.1943587447402777e-06,False,True,False,Stressed,Stressed
Data_MC/images/PS_RBCs_NPs_1-50_5_3hrs_1.tif,42,Stressed,NotDead,1.809701188393298e-05,False,True,False,Stressed,Stressed
Data_MC/images/PS_RBCs_NPs_1-50_5_3hrs_3.tif,51,Stressed,NotDead,2.8431817440388585e-06,False,True,False,Healthy,Healthy
Data_MC/images/PS_RBCs_NPs_1-50_5_3hrs_3.tif,79,Dead,Dead,0.999997317565146,False,True,False,,Dead
Data_MC/images/PS_RBCs_NPs_1-50_5_3hrs_4.tif,49,Healthy,NotDead,2.417992293501925e-06,False,True,False,Healthy,Healthy
Data_MC/images/PS_RBCs_NPs_1-50_6_15hrs_2.tif,78,Dead,Dead,0.9999973441471638,False,True,False,,Dead
Data_MC/images/PS_RBCs_NPs_1-50_6_15hrs_3.tif,60,Dead,Dead,0.9999966495479712,False,True,False,,Dead
Data_MC/images/PS_RBCs_NPs_1-50_6_15hrs_4.tif,5,Stressed,NotDead,2.417984386715588e-06,False,True,False,Stressed,Stressed
Data_MC/images/PS_RBCs_NPs_1-50_6_15hrs_4.tif,65,Dead,Dead,0.9999973497480386,False,True,False,,Dead
Data_MC/images/PS_RBCs_NPs_1-50_6_3hrs_3.tif,22,Stressed,NotDead,2.4179971450655202e-06,False,True,False,Stressed,Stressed
Data_MC/images/PS_RBCs_NPs_1-50_6_3hrs_3.tif,40,Healthy,NotDead,2.8431803146267143e-06,False,True,False,Healthy,Healthy
Data_MC/images/PS_RBCs_control_1_15hrs_1.tif,13,Crenated,NotDead,2.3714643265781987e-06,False,True,False,Stressed,Stressed
Data_MC/images/PS_RBCs_control_1_15hrs_3.tif,22,Crenated,NotDead,2.4179955887548843e-06,False,True,False,Crenated,Crenated
Data_MC/images/PS_RBCs_control_1_3hrs_1.tif,75,Crenated,NotDead,2.6498513117090283e-06,False,True,False,Stressed,Stressed
Data_MC/images/PS_RBCs_control_1_3hrs_2.tif,47,Crenated,NotDead,3.0520771148179193e-06,False,True,False,Crenated,Crenated
Data_MC/images/PS_RBCs_control_1_3hrs_3.tif,32,Stressed,NotDead,1.3886054694656202e-05,False,True,False,Stressed,Stressed
Data_MC/images/PS_RBCs_control_2_15hrs_2.tif,64,Dead,Dead,0.9999948366719477,False,True,False,,Dead
Data_MC/images/PS_RBCs_control_2_15hrs_3.tif,51,Dead,Dead,0.9999973966647382,False,True,False,,Dead
Data_MC/images/PS_RBCs_control_2_3hrs_1.tif,66,Crenated,NotDead,3.0527862059370747e-06,False,True,False,Stressed,Stressed
Data_MC/images/PS_RBCs_control_2_3hrs_3.tif,30,Stressed,NotDead,2.417996962544855e-06,False,True,False,Stressed,Stressed
Data_MC/images/PS_RBCs_control_2_3hrs_4.tif,59,Crenated,NotDead,2.417997453707521e-06,False,True,False,Crenated,Crenated
Data_MC/images/PS_RBCs_control_3_15hrs_1.tif,35,Crenated,NotDead,9.152669274703484e-06,False,True,False,Crenated,Crenated
Data_MC/images/PS_RBCs_control_3_15hrs_3.tif,21,Stressed,NotDead,1.8579481204983317e-05,False,True,False,Stressed,Stressed
Data_MC/images/PS_RBCs_control_3_15hrs_4.tif,20,Healthy,NotDead,2.3989022024384354e-06,False,True,False,Healthy,Healthy
Data_MC/images/PS_RBCs_control_3_15hrs_4.tif,30,Stressed,NotDead,2.4179953569403168e-06,False,True,False,Stressed,Stressed
Data_MC/images/PS_RBCs_control_3_15hrs_4.tif,44,Crenated,NotDead,2.417987140734823e-06,False,True,False,Stressed,Stressed
Data_MC/images/PS_RBCs_control_3_3hrs_1.tif,22,Healthy,NotDead,2.8431831495812077e-06,False,True,False,Healthy,Healthy
Data_MC/images/PS_RBCs_control_3_3hrs_3.tif,40,Healthy,NotDead,1.6646459515490264e-05,False,True,False,Healthy,Healthy
Data_MC/images/PS_RBCs_control_3_3hrs_4.tif,12,Healthy,NotDead,2.3733648939483487e-06,False,True,False,Healthy,Healthy
Data_MC/images/PS_RBCs_control_4_15hrs_3.tif,50,Dead,Dead,0.9999905225342246,False,True,False,,Dead
Data_MC/images/PS_RBCs_control_4_3hrs_1.tif,27,Stressed,NotDead,9.121756473273734e-06,False,True,False,Stressed,Stressed
Data_MC/images/PS_RBCs_control_4_3hrs_2.tif,81,Crenated,NotDead,2.708787369631871e-06,False,True,False,Crenated,Crenated
Data_MC/images/PS_RBCs_control_4_3hrs_3.tif,55,Healthy,NotDead,2.4179904425380983e-06,False,True,False,Stressed,Stressed
Data_MC/images/PS_RBCs_control_4_3hrs_3.tif,80,Crenated,NotDead,3.052786676227548e-06,False,True,False,Crenated,Crenated
Data_MC/images/PS_RBCs_control_5_15hrs_1.tif,58,Crenated,NotDead,3.0527857087792043e-06,False,True,False,Crenated,Crenated
Data_MC/images/PS_RBCs_control_5_15hrs_2.tif,36,Crenated,NotDead,3.0527857434181627e-06,False,True,False,Crenated,Crenated
Data_MC/images/PS_RBCs_control_5_15hrs_2.tif,45,Crenated,NotDead,2.4000718622518846e-06,False,True,False,Crenated,Crenated
Data_MC/images/PS_RBCs_control_5_15hrs_2.tif,60,Dead,Dead,0.9999972951024576,False,True,False,,Dead
Data_MC/images/PS_RBCs_control_5_15hrs_4.tif,75,Dead,Dead,0.9999728553658657,False,True,False,,Dead
Data_MC/images/PS_RBCs_control_5_3hrs_1.tif,38,Stressed,NotDead,2.4179978693750215e-06,False,True,False,Stressed,Stressed
Data_MC/images/PS_RBCs_control_5_3hrs_2.tif,22,Stressed,NotDead,2.4179978469485164e-06,False,True,False,Stressed,Stressed
Data_MC/images/PS_RBCs_control_5_3hrs_2.tif,75,Crenated,NotDead,3.239700545942803e-06,False,True,False,Crenated,Crenated
Data_MC/images/PS_RBCs_control_5_3hrs_3.tif,75,Crenated,NotDead,3.0527863762452867e-06,False,True,False,Crenated,Crenated
Data_MC/images/PS_RBCs_control_6_15hrs_1.tif,36,Healthy,NotDead,2.3720919679615093e-06,False,True,False,Healthy,Healthy
Data_MC/images/PS_RBCs_control_6_15hrs_2.tif,6,Healthy,NotDead,3.411809963660417e-06,False,True,False,Healthy,Healthy
